{
    "configuration": {
        "input_file": "2mer_angles.csv",
        "features_clustered": [
            "phi_i",
            "psi_i",
            "phi_i+1",
            "psi_i+1"
        ],
        "handled_periodic_data": true,
        "num_clusters_found": 5,
        "k_mer_size": 2
    },
    "cluster_centers": [
        [
            0.007466418838396645,
            -0.6654758614862726,
            0.17355327564045447,
            0.20900187386525382,
            0.2496266124956926,
            0.8814253832473332,
            0.46973205917838123,
            0.21808487818585384
        ],
        [
            -0.2924649656307155,
            -0.7764262489671342,
            -0.6959138171453156,
            0.5905442521225348,
            -0.24749823875399557,
            -0.8187326956933896,
            -0.684410645435755,
            0.5984984496736534
        ],
        [
            0.36945253554002966,
            -0.8603004259304174,
            0.7759146754432735,
            -0.5596960920410923,
            0.3185617806864239,
            -0.9022007389600585,
            0.785411020588743,
            -0.5290992277665206
        ],
        [
            -0.06943112687314797,
            -0.7257734744657363,
            -0.6162112868488845,
            0.5261183388092991,
            0.16579389743634357,
            -0.8859809543296938,
            0.8064276335457848,
            -0.38897050660554877
        ],
        [
            0.039145796105693666,
            -0.385587133471567,
            0.8042117562084924,
            -0.09565938835201157,
            -0.23364099588338877,
            -0.7856127452047246,
            -0.6244952779781356,
            0.5549057067084815
        ]
    ],
    "inertia": 83446482.20080318
}